{"mean_R_count": 8.0609375, "std_R_count": 4.3285678812040045, "mean_len_seq": 54.2046875, "std_len_seq": 16.067355581897996, "mean_charge": 18.187882258776412, "std_charge": 6.5485540213507445, "mean_intensity": 4.378379949010198, "std_intensity": 4.948452728208641}